시도+시군구,시군구코드,긍정키워드,부정키워드,키워드맵,여행지1,여행지2,여행지3
서울특별시 종로구,11110,"좋다,다양하다,추천,즐기다,데이트","불만족,욕설,애처롭다,끔찍하다,폭력",/static/images/11110.jpg,경복궁,동대문종합시장,국립현대미술관
서울특별시 중구,11140,"좋다,다양하다,추천,즐기다,맛있다","실망,분격,앞잡이,허전하다,삭막하다",/static/images/11140.jpg,덕수궁,롯데백화점,동대문디자인플라자
서울특별시 용산구,11170,"좋다,추천,즐기다,맛있다,다양하다","힘겹다,실망,먼지,지다,포기",/static/images/11170.jpg,국립중앙박물관,전쟁기념관,남산서울타워
서울특별시 성동구,11200,"좋다,다양하다,즐기다,추천,예쁘다","유죄,실망,걱정스럽다,불길하다,밋밋하다",/static/images/11200.jpg,서울숲,성수동 카페거리,성수아트홀
서울특별시 광진구,11215,"좋다,다양하다,추천,즐기다,맛있다","시시하다,몸살,걱정,망설이다,앓다",/static/images/11215.jpg,어린이대공원,뚝섬한강공원,워커힐숲길
서울특별시 동대문구,11230,"좋다,다양하다,추천,맛있다,즐기다","부진,흐려지다,끔찍하다,실망,거짓말",/static/images/11230.jpg,경동시장,서울 풍물시장,서울 약령시장
서울특별시 중랑구,11260,"좋다,추천,다양하다,즐기다,맛있다","게으름,불만족,주춤,고달프다,나빠지다",/static/images/11260.jpg,우림시장,용마폭포공원,중랑숲캠핑장
서울특별시 성북구,11290,"좋다,다양하다,추천,즐기다,아름답다","아쉬움,불편,낡다,오래되다,부족하다",/static/images/11290.jpg,길상사,북정마을,한국가구박물관
서울특별시 강북구,11305,"좋다,추천,다양하다,즐기다,맛있다","무의미하다,교묘하다,아픔,아쉬움,허전하다",/static/images/11305.jpg,수유시장,도선사,상상톡톡 미술관
서울특별시 도봉구,11320,"좋다,다양하다,추천,즐기다,맛있다","악순환,절망,초라하다,흉물,실망하다",/static/images/11320.jpg,신창시장,둘리뮤지엄,원당샘공원
서울특별시 노원구,11350,"좋다,좋아하다,즐기다,다양하다,맛있다","아득하다,비싸다,막히다,함부로,범죄",/static/images/11350.jpg,서울생활사박물관,수락산,피노파밀리아
서울특별시 은평구,11380,"좋다,추천,다양하다,즐기다,맛있다","불량하다,초라하다,함부로,어둡다,두렵다",/static/images/11380.jpg,사비나미술관,은평한옥마을,대림시장
서울특별시 서대문구,11410,"좋다,다양하다,여유,미소,개선","비추천,실망하다,부족하다,삭막하다,시끄럽다",/static/images/11410.jpg,포방터시장,독립문,서대문자연사박물관
서울특별시 마포구,11440,"좋다,추천,다양하다,즐기다,맛있다","속이다,벼르다,섭섭하다,추하다,아득하다",/static/images/11440.jpg,서울월드컵경기장,망원한강공원,망원시장
서울특별시 양천구,11470,"좋다,다양하다,즐기다,추천,맛있다","해치다,험하다,태우다,실망하다,뒤틀리다",/static/images/11470.jpg,목동야구장,파리공원,생명과학박물관
서울특별시 강서구,11500,"좋다,추천,다양하다,즐기다,맛있다","시시하다,몸살,앓다,덥다,먼지",/static/images/11500.jpg,서울식물원,국립항공박물관,강서농산물도매시장
서울특별시 구로구,11530,"좋다,다양하다,맛있다,추천,좋아하다","고약하다,가련하다,모략,남용,딱하다",/static/images/11530.jpg,고척스카이돔,푸른수목원,가리봉시장
서울특별시 금천구,11545,"좋다,즐기다,맛있다,추천,다양하다","아쉬움,불합리,구토,부담,흉물",/static/images/11545.jpg,독산동우시장,별빛남문시장,호암산성
서울특별시 영등포구,11560,"좋다,추천,즐기다,다양하다,맛있다","불만족,태우다,교만하다,깨뜨리다,원망하다",/static/images/11560.jpg,타임스퀘어,여의도한강공원,대림동 차이나타운
서울특별시 동작구,11590,"좋다,추천,다양하다,맛있다,즐기다","어수선하다,나태하다,수척하다,허전하다,탁하다",/static/images/11590.jpg,보라매공원,성대전통시장,달마사
서울특별시 관악구,11620,"좋다,다양하다,추천,즐기다,맛있다","불합리,부담,범죄,의심,어수선하다",/static/images/11620.jpg,현대시장,낙성대공원,관악산
서울특별시 서초구,11650,"좋다,즐기다,다양하다,추천,맛있다","어수선하다,사납다,창피하다,비꼬다,교만하다",/static/images/11650.jpg,예술의전당,반포한강공원,몽마르뜨공원
서울특별시 강남구,11680,"좋다,추천,다양하다,즐기다,맛있다","울음,신경증,놓치다,강탈,교만하다",/static/images/11680.jpg,코엑스,가로수길,봉은사
서울특별시 송파구,11710,"좋다,다양하다,즐기다,추천,맛있다","버럭,불안하다,신물,위법,시끄럽다",/static/images/11710.jpg,올핌픽공원,서울 몽촌토성,잠실야구장
서울특별시 강동구,11740,"좋다,추천,다양하다,즐기다,좋아하다","왕따,흐트러져,결석,침침하다,다치다",/static/images/11740.jpg,천호공원,암사종합시장,강동아트센터
부산광역시 중구,26110,"좋다,다양하다,즐기다,추천,유명하다","오래되다,버리다,낡다,밉다,자리다",/static/images/26110.jpg,용두산공원,국제시장,자갈치시장
부산광역시 서구,26140,"좋다,다양하다,즐기다,추천,예쁘다","재앙,밉다,역경,고집,포기",/static/images/26140.jpg,송도해수욕장,암남공원,송도 구름산책로
부산광역시 동구,26170,"좋다,추천,다양하다,즐기다,유명하다","무겁다,대들다,심하다,아프다,멍청이",/static/images/26170.jpg,부산진시장,부산과학체험관,초량 이바구길
부산광역시 영도구,26200,"좋다,추천,즐기다,다양하다,유명하다","몹쓸,주저앉다,좌절,막히다,무리하다",/static/images/26200.jpg,태종대,국립해양박물관,남향시장
부산광역시 부산진구,26230,"좋다,추천,다양하다,즐기다,좋아하다","낯설다,재앙,심하다,버리다,고충",/static/images/26230.jpg,부산시민공원,부전시장,백양산
부산광역시 동래구,26260,"좋다,다양하다,즐기다,추천,유명하다","재앙,힘들다,공포,버리다,밉다",/static/images/26260.jpg,사직야구장,동래시장,충렬사
부산광역시 남구,26290,"좋다,추천,다양하다,즐기다,유명하다","밉다,급하다,막히다,싫증,못난이",/static/images/26290.jpg,이기대수변공원,부산박물관,평화공원
부산광역시 북구,26320,"좋다,추천,다양하다,즐기다,맛있다","걱정,어렵다,버리다,어려움,덥다",/static/images/26320.jpg,화명생태공원,기후변화체험관,구포시장
부산광역시 해운대구,26350,"좋다,추천,즐기다,다양하다,유명하다","밉다,덥다,아쉽다,막히다,아쉽다",/static/images/26350.jpg,해운대해수욕장,청사포,영화의전당
부산광역시 사하구,26380,"좋다,즐기다,다양하다,추천,유명하다","재앙,불편,막히다,무능하다,내쫓다",/static/images/26380.jpg,다대포해수욕장,감천문화마을,감천항
부산광역시 금정구,26410,"좋다,다양하다,추천,즐기다,유명하다","안습,흑역사,버리다,막히다,재앙",/static/images/26410.jpg,범어사,부곡시장,회동수원지
부산광역시 강서구,26440,"좋다,추천,다양하다,즐기다,맛있다","힘들다,짧다,버리다,덥다,보채다",/static/images/26440.jpg,부산신항,강서체육공원,가덕도
부산광역시 연제구,26470,"좋다,다양하다,추천,유명하다,즐기다","부족하다,밉다,떨어지다,싸움,속이다",/static/images/26470.jpg,연동시장,마하사,금용암
부산광역시 수영구,26500,"좋다,추천,다양하다,즐기다,유명하다","밉다,막히다,깨지다,경상,잘못",/static/images/26500.jpg,광안리해수욕장,민락수변공원,민락골목시장
부산광역시 사상구,26530,"좋다,추천,다양하다,맛있다,즐기다","흑역사,재앙,덤비다,억척스럽다,버리다",/static/images/26530.jpg,삼락생태공원,새벽청과시장,사상근린공원
부산광역시 기장군,26710,"좋다,추천,다양하다,유명하다,아름답다","재앙,버리다,흑역사,막히다,고작",/static/images/26710.jpg,해동용궁사,일광해수욕장,기장해녀촌
대구광역시 중구,27110,"좋다,다양하다,추천,즐기다,유명하다","오래되다,버리다,낡다,비탄,홀로",/static/images/27110.jpg,서문시장,향촌문화관,달성공원
대구광역시 동구,27140,"좋다,추천,다양하다,즐기다,아름답다","참혹하다,무자비하다,편견,불안하다,싸움",/static/images/27140.jpg,동촌유원지,팔공산케이블카,관음사
대구광역시 서구,27170,"좋다,다양하다,추천,즐기다,좋아하다","고작,굶주리다,기죽다,어쭙잖다,치욕스럽다",/static/images/27170.jpg,대평리시장,퀸스로드,상리공원
대구광역시 남구,27200,"좋다,추천,다양하다,즐기다,맛있다","심하다,소용없다,걱정,공포,멸시",/static/images/27200.jpg,관문시장,앞산카페거리,대구앞산공원
대구광역시 북구,27230,"좋다,추천,다양하다,즐기다,맛있다","배탈,울렁거리다,홀로,억세다,조심하다",/static/images/27230.jpg,대구 하중도,구암서원,신전뮤지엄
대구광역시 수성구,27260,"좋다,다양하다,추천,즐기다,예쁘다","우습다,허덕이다,바이러스,부패하다,까마득하다",/static/images/27260.jpg,대구미술관,수성못,국립대구박물관
대구광역시 달서구,27290,"좋다,다양하다,추천,예쁘다,즐기다","오용,부당하다,우습다,허덕이다,바이러스",/static/images/27290.jpg,대구수묵원,이월드,와룡시장
대구광역시 달성군,27710,"좋다,추천,아름답다,유명하다,다양하다","깜놀,거슬리다,참혹하다,무자비하다,헤매다",/static/images/27710.jpg,국립대구과학관,옥연지송해공원,화원유원지
대구광역시 군위군,27720,"좋다,아름답다,즐기다,유명하다,다양하다","홀로,늦다,떨다,지다,불경기",/static/images/27720.jpg,삼국유사테마파크,동산계곡,팔공산하늘정원
인천광역시 중구,28110,"좋다,다양하다,추천,즐기다,맛있다","밉다,오래되다,낡다,버리다,지다",/static/images/28110.jpg,월미도,신포국제시장,영종도
인천광역시 동구,28140,"좋다,다양하다,즐기다,추천,유명하다","밉다,의심,자빠지다,부진하다,염증",/static/images/28140.jpg,만석부두,송현시장,화도진공원
인천광역시 미추홀구,28177,"좋다,다양하다,즐기다,추천,맛있다","소홀,조잡하다,부진하다,괴롭히다,애처롭다",/static/images/28177.jpg,신시시장,수봉공원,용화선원
인천광역시 연수구,28185,"좋다,다양하다,즐기다,추천,맛있다","초조,소홀,해롭다,물러나다,못난이",/static/images/28185.jpg,송도컨벤시아,흥륜사,달빛축제공원
인천광역시 남동구,28200,"좋다,다양하다,즐기다,추천,맛있다","과로,시끄럽다,모호하다,삐지다,잃다",/static/images/28200.jpg,소래포구종합어시장,인천대공원,소래습지생태공원
인천광역시 부평구,28237,"좋다,다양하다,추천,즐기다,맛있다","급하다,포기,약하다,어렵다,고열",/static/images/28237.jpg,부평종합시장,신트리공원,호명사
인천광역시 계양구,28245,"좋다,다양하다,즐기다,추천,맛있다","심하다,떠들썩하다,징징대다,진물,배탈",/static/images/28245.jpg,인천어린이과학관,계양꽃마루,임학공원
인천광역시 서구,28260,"좋다,다양하다,즐기다,추천,아름답다","걱정,근심,지나치다,억압,싫증",/static/images/28260.jpg,청라호수공원,경인 아라뱃길,신거북시장
인천광역시 강화군,28710,"좋다,즐기다,추천,다양하다,유명하다","속이다,상처,파괴,망하다,모시",/static/images/28710.jpg,교동도,석모도,보문사
인천광역시 옹진군,28720,"좋다,즐기다,추천,아름답다,다양하다","약해지다,망설이다,상처,훼손,아픔",/static/images/28720.jpg,영흥도,십리포해변,목섬
광주광역시 동구,29110,"좋다,다양하다,즐기다,추천,맛있다","불편,지다,분란,뇌출혈,피해",/static/images/29110.jpg,광주 예술의 거리,무등산 주상절리대,5.18 민주광장
광주광역시 서구,29140,"좋다,다양하다,즐기다,추천,맛있다","한계,성급하다,뇌출혈,불편,지다",/static/images/29140.jpg,김대중컨벤션센터,무각사,풍암호수공원
광주광역시 남구,29155,"좋다,추천,다양하다,맛있다,즐기다","지다,두통,중독,어렵다,불편",/static/images/29155.jpg,무등시장,광주공원,양림역사문화마을
광주광역시 북구,29170,"좋다,다양하다,추천,맛있다,즐기다","어수선하다,아쉽다,지다,버리다,비추천",/static/images/29170.jpg,국립광주과학관,우치공원,광주호 호수생태원
광주광역시 광산구,29200,"좋다,맛있다,다양하다,추천,즐기다","지다,마비,불편,안타깝다,시비",/static/images/29200.jpg,쌍암공원,시리단길,월봉서원
대전광역시 동구,30110,"좋다,즐기다,추천,다양하다,유명하다","짧다,분노,아쉽다,시비,씹다",/static/images/30110.jpg,해돋이전망대,옛터민속박물관,대전 중앙시장
대전광역시 중구,30140,"좋다,다양하다,즐기다,추천,맛있다","오래되다,분노,틀리다,밉다,낡다",/static/images/30140.jpg,대전오월드,우리들공원,무수천하마을
대전광역시 서구,30170,"좋다,즐기다,다양하다,최상,맛있다","아쉽다,없어지다,어둡다,실망,부족하다",/static/images/30170.jpg,남선공원종합체육관,한밭수목원,마치광장
대전광역시 유성구,30200,"좋다,즐기다,다양하다,최상,맛있다","어렵다,모순,밉다,불평등,약해지다",/static/images/30200.jpg,국립중앙과학관,대전엑스포과학공원,봉명동 우산거리
대전광역시 대덕구,30230,"좋다,즐기다,다양하다,아름답다,추천","짜증,낭비하다,부적절하다,엉터리,더디다",/static/images/30230.jpg,장동산림욕장,중리전통시장,동춘당공원
울산광역시 중구,31110,"좋다,다양하다,추천,즐기다,아름답다","벗어나다,늦다,처량하다,소홀하다,지다",/static/images/31110.jpg,태화강국가정원,울산시립미술관,십리대숲
울산광역시 남구,31140,"좋다,다양하다,즐기다,추천,아름답다","늘어나다,천하다,불편,불평,어이없다",/static/images/31140.jpg,울산대공원,고래생태체험관,울산과학관
울산광역시 동구,31170,"좋다,추천,즐기다,다양하다,아름답다","소름,딱하다,늘어나다,힘들다,어렵다",/static/images/31170.jpg,대왕암공원,일산해수욕장,주전몽돌해변
울산광역시 북구,31200,"좋다,다양하다,즐기다,추천,아름답다","지경,흑역사,경상,시끄럽다,범인",/static/images/31200.jpg,강동 해수온천,신흥사,애니언파크
울산광역시 울주군,31710,"좋다,추천,즐기다,다양하다,유명하다","오염,태우다,늘어나다,벗어나다,힘들다",/static/images/31710.jpg,영남알프스레져,석남사,간절곶
세종특별자치시 세종시,36110,"좋다,추천,즐기다,다양하다,맛있다","오염,싫어하다,훼손,불안하다,아쉬움",/static/images/36110.jpg,국립세종수목원,산림박물관,세종호수공원
경기도 수원시 장안구,41111,"좋다,다양하다,추천,아름답다,즐기다","멸시,두려움,편견,어수선하다,홀로",/static/images/41111.jpg,수원시미술전시관,화성행궁,광교산
경기도 수원시 권선구,41113,"좋다,다양하다,추천,즐기다,좋아하다","멸시,두려움,늦어지다,편견,후회",/static/images/41113.jpg,용화사,국립농업박물관,수원 농수산물도매시장
경기도 수원시 팔달구,41115,"좋다,다양하다,추천,즐기다,아름답다","틀리다,어둑하다,멸시,우중충하다,이상하다",/static/images/41115.jpg,수원월드컵경기장,방화수류정,팔달문시장
경기도 수원시 영통구,41117,"좋다,추천,다양하다,즐기다,맛있다","거짓말,가쁜,봉변,얄밉다,지긋지긋하다",/static/images/41117.jpg,광교호수공원,수원박물관,지도박물관
경기도 성남시 수정구,41131,"좋다,다양하다,맛있다,추천,즐기다","불만족,시시하다,공포,허덕이다,해치다",/static/images/41131.jpg,성남아트리움,정토사,미누현대미술관
경기도 성남시 중원구,41133,"좋다,맛있다,다양하다,추천,좋아하다","분통,뒤틀리다,불황,살벌하다,버리다",/static/images/41133.jpg,단대전통시장,남한산성공원,성남시립식물원
경기도 성남시 분당구,41135,"좋다,추천,맛있다,다양하다,즐기다","비싸다,불만족,저주,스트레스,막히다",/static/images/41135.jpg,율동공원,효자촌 먹거리촌,정자동 카페거리
경기도 의정부시,41150,"좋다,즐기다,다양하다,추천,맛있다","함부로,잘못,주저앉다,탄식,훔치다",/static/images/41150.jpg,직동근린공원,망월사,의정부 부대찌개거리
경기도 안양시 만안구,41171,"좋다,추천,다양하다,즐기다,맛있다","망하다,틀리다,위험하다,심술,시들하다",/static/images/41171.jpg,안양예술공원,안양중앙시장,삼막애견공원
경기도 안양시 동안구,41173,"좋다,다양하다,추천,맛있다,즐기다","망하다,지경,한계,벗어나다,위기",/static/images/41173.jpg,관양시장,자유공원,평촌아트홀
경기도 부천시,41190,"좋다,다양하다,추천,즐기다,맛있다","불쌍하다,지저분하다,편견,원한,고충",/static/images/41190.jpg,한국만화박물관,원미종합시장,상동호수공원
경기도 광명시,41210,"좋다,다양하다,추천,시원하다,즐기다","우중충하다,비싸다,다치다,피곤하다,원한",/static/images/41210.jpg,광명동굴,광명스피돔,광명전통시장
경기도 평택시,41220,"좋다,다양하다,추천,즐기다,맛있다","시들시들,걱정,지루하다,원한,역경",/static/images/41220.jpg,웃다리문화촌,이충레포츠공원,진위향교
경기도 동두천시,41250,"좋다,추천,즐기다,다양하다,맛있다","실망,비싸다,출혈,어수선하다,울다",/static/images/41250.jpg,소요산,왕방계곡,양키사장
경기도 안산시 상록구,41271,"좋다,다양하다,추천,즐기다,맛있다","낑낑대다,남루하다,어기다,조마조마하다,이상하다",/static/images/41271.jpg,안산식물원,안산호수공원,안산갈대습지공원
경기도 안산시 단원구,41273,"좋다,다양하다,즐기다,추천,맛있다","싫다,느끼하다,싱겁다,아쉬움,짜지다",/static/images/41273.jpg,화랑유원지,대부도,유리섬박물관
경기도 고양시 덕양구,41281,"좋다,다양하다,추천,즐기다,맛있다","겁나다,잔소리,까다롭다,지독하다,초라하다",/static/images/41281.jpg,스타필드고양,행주산성,서오릉
경기도 고양시 일산동구,41285,"좋다,다양하다,맛있다,좋아하다,추천","버리다,지나치다,비싸다,걱정,울다",/static/images/41285.jpg,일산호수공원,선인장전시관,장항습지
경기도 고양시 일산서구,41287,"좋다,다양하다,추천,즐기다,좋아하다","모르거나,걱정,더러워지다,왕따,무서움",/static/images/41287.jpg,킨덱스,대화동 먹자골목,고양생태공원
경기도 과천시,41290,"좋다,추천,다양하다,즐기다,좋아하다","불편하다,거짓,한숨,곤란하다,부정",/static/images/41290.jpg,서울대공원,서울랜드,서울동물원
경기도 구리시,41310,"좋다,추천,다양하다,즐기다,맛있다","어그러지다,호갱,보채다,막히다,어수선하다",/static/images/41310.jpg,동구릉,고구려대장간마을,구리전통시장
경기도 남양주시,41360,"좋다,즐기다,추천,아름답다,다양하다","안쓰럽다,우울,너무하다,막막하다,두렵다",/static/images/41360.jpg,봉선사,몽골문화촌,다산유적지
경기도 오산시,41370,"좋다,추천,다양하다,즐기다,예쁘다","더러워지다,서운하다,불편하다,외롭다,밉다",/static/images/41370.jpg,오산오색시장,고인돌역사공원,오산 드라마세트장
경기도 시흥시,41390,"좋다,즐기다,다양하다,추천,아름답다","섭섭하다,물러나다,비싸다,고통,약하다",/static/images/41390.jpg,오이도박물관,시흥갯골생태공원,흔들전망대
경기도 군포시,41410,"좋다,추천,즐기다,다양하다,아름답다","비참하다,쓸쓸하다,슬픔,원한,역경",/static/images/41410.jpg,초막골생태공원,한우물근린공원,누리천문대
경기도 의왕시,41430,"좋다,즐기다,추천,다양하다,아름답다","설움,원한,역경,고충,없애다",/static/images/41430.jpg,철도박물관,청계사,백운호수
경기도 하남시,41450,"좋다,추천,즐기다,다양하다,예쁘다","의심,무책임하다,탈진,어기다,호갱",/static/images/41450.jpg,유니온파크,호국산,구산성지
경기도 용인시 처인구,41461,"좋다,맛있다,다양하다,추천,좋아하다","시시하다,억압,더디다,비판,추위",/static/images/41461.jpg,에버랜드,청계목장,내동마을 연꽃단지
경기도 용인시 기흥구,41463,"좋다,추천,맛있다,좋아하다,즐기다","비싸다,지저분하다,딱하다,놀리다,사악하다",/static/images/41463.jpg,한국민속촌,경희천문대,백남준아트센터
경기도 용인시 수지구,41465,"좋다,추천,다양하다,맛있다,즐기다","서럽다,찡하다,지다,울분,서운하다",/static/images/41465.jpg,죽전야외음악당,다이노스타,심곡서원
경기도 파주시,41480,"좋다,즐기다,추천,다양하다,아름답다","파괴,참혹하다,아픔,아쉽다,걱정",/static/images/41480.jpg,임진각,마장호수,헤이리 예술마을
경기도 이천시,41500,"좋다,즐기다,추천,다양하다,예쁘다","위축,한계,원한,후회,역경",/static/images/41500.jpg,산수유마을,별빛정원우주,설봉공원
경기도 안성시,41550,"좋다,추천,다양하다,즐기다,아름답다","아쉬움,찡하다,망하다,모자라다,불만족",/static/images/41550.jpg,스타필드안성,미리내 성지,금광호수
경기도 김포시,41570,"좋다,추천,즐기다,다양하다,맛있다","비웃다,주저앉다,해치다,힘들다,짜지다",/static/images/41570.jpg,대명포구,김포국제조각공원,문수산성
경기도 화성시,41590,"좋다,즐기다,추천,다양하다,아름답다","유치하다,지저분하다,쓸쓸하다,깨지다,낡다",/static/images/41590.jpg,융건릉,제부도,궁평항
경기도 광주시,41610,"좋다,추천,아름답다,예쁘다,다양하다","치욕,느끼하다,억울하다,원한,역경",/static/images/41610.jpg,화담숲,남한선성,팔당호
경기도 양주시,41630,"좋다,즐기다,추천,다양하다,맛있다","함부로,잘못,증오,몸살,편견",/static/images/41630.jpg,송추계곡,조명박물관,나리공원
경기도 포천시,41650,"좋다,아름답다,즐기다,다양하다,추천","흐려지다,원한,고충,실수,망하다",/static/images/41650.jpg,허브아일랜드,국립수목원,백운계곡
경기도 여주시,41670,"좋다,추천,즐기다,다양하다,아름답다","한계,원한,후회,고충,자리다",/static/images/41670.jpg,여주곤충박물관,영릉,해바라기마을
경기도 연천군,41800,"좋다,추천,다양하다,즐기다,아름답다","덥다,화나다,설움,불평,급하다",/static/images/41800.jpg,전곡리유적,재인폭포,태풍전망대
경기도 가평군,41820,"좋다,즐기다,다양하다,아름답다,추천","느끼하다,씹다,부담,밉다,호갱",/static/images/41820.jpg,아침고요수목원,이탈리아마을,자라섬
경기도 양평군,41830,"좋다,아름답다,즐기다,다양하다,추천","외롭다,심장마비,중풍,염증,불면증",/static/images/41830.jpg,양떼목장,세미원,용문사
강원특별자치도 춘천시,42110,"좋다,추천,다양하다,맛있다,즐기다","비싸다,소음,시샘,부담,과로",/static/images/42110.jpg,남이섬유원지,레고랜드,삼악산 호수케이블카
강원특별자치도 원주시,42130,"좋다,추천,맛있다,다양하다,즐기다","비판,고통,무섭다,공황장애,어수선하다",/static/images/42130.jpg,소금산그랜드밸리,동화마을수목원,매화마을
강원특별자치도 강릉시,42150,"좋다,맛있다,추천,다양하다,즐기다","분풀이,불행하다,태우다,살벌하다,억지로",/static/images/42150.jpg,오죽헌 시립박물관,정동진,경포대
강원특별자치도 동해시,42170,"좋다,추천,즐기다,다양하다,아름답다","망상,무섭다,아찔하다,부담,성나다",/static/images/42170.jpg,무릉계곡,묵호항,망항해변
강원특별자치도 태백시,42190,"좋다,추천,다양하다,즐기다,아름답다","수선,지저분하다,소음,통증,어수선하다",/static/images/42190.jpg,상장동 벽화마을,석탄박물관,황지연못
강원특별자치도 속초시,42210,"좋다,맛있다,추천,다양하다,유명하다","어리석다,소음,지경,답답하다,부담",/static/images/42210.jpg,아바이마을,속초관광수산시장,대포항
강원특별자치도 삼척시,42230,"좋다,추천,다양하다,즐기다,맛있다","어수선하다,소음,같잖다,조심하다,나쁘다",/static/images/42230.jpg,환선굴,장호항,삼척해상케이블카
강원특별자치도 홍천군,42720,"좋다,다양하다,추천,즐기다,맛있다","다치다,어수선하다,비싸다,비추천,통증",/static/images/42720.jpg,알파카월드,수타사,가리산자연휴양림
강원특별자치도 횡성군,42730,"좋다,즐기다,다양하다,맛있다,추천","성나다,부족,불합리,불만족,부담",/static/images/42730.jpg,루지체험장,안흥찐빵마을,횡성시장
강원특별자치도 영월군,42750,"좋다,즐기다,추천,아름답다,다양하다","비참하다,아쉽다,성나다,수선,피해",/static/images/42750.jpg,한반도지형,청령포,별마로천문대
강원특별자치도 평창군,42760,"좋다,추천,즐기다,다양하다,아름답다","절망,고난,모자라다,떠들다,불쾌하다",/static/images/42760.jpg,오대산국립공원,대관령 양떼목장,월정사
강원특별자치도 정선군,42770,"좋다,즐기다,다양하다,추천,아름답다","성나다,수선,경상,침침하다,부담",/static/images/42770.jpg,강원랜드,화암관광지,민둥산
강원특별자치도 철원군,42780,"좋다,추천,아름답다,다양하다,즐기다","악취,오염,부서지다,피해,파괴",/static/images/42780.jpg,주상절리길 잔도,고석정국민관광지,제2땅굴
강원특별자치도 화천군,42790,"좋다,사랑,즐기다,안전,추천","수선,피로,경상,부족,아쉬움",/static/images/42790.jpg,평화의댐,화천산천어축제,파로호
강원특별자치도 양구군,42800,"좋다,안전,즐기다,사랑,다양하다","무겁다,성나다,성내다,파괴,부담",/static/images/42800.jpg,한반도섬,양구수목원,펀치볼마을
강원특별자치도 인제군,42810,"좋다,추천,즐기다,다양하다,안전","경상,부담,인색,공포증,소음",/static/images/42810.jpg,백담사,빙어축제,만해마을
강원특별자치도 고성군,42820,"좋다,즐기다,추천,다양하다,아름답다","망하다,늦어지다,쓰리다,고작,까칠하다",/static/images/42820.jpg,통일전망대,김일성 별장,송지호 해수욕장
강원특별자치도 양양군,42830,"좋다,즐기다,추천,다양하다,맛있다","불량하다,까다롭다,늦어지다,심하다,어리석다",/static/images/42830.jpg,낙산사,오색약수터,동호해변
충청북도 청주시 상당구,43111,"좋다,추천,다양하다,즐기다,아름답다","부족,아쉽다,막막하다,박약,두렵다",/static/images/43111.jpg,청남대,대청댐전망대,육거리종합시장
충청북도 청주시 서원구,43112,"좋다,다양하다,추천,맛있다,즐기다","고집,지다,여리다,너무하다,처절하다",/static/images/43112.jpg,용화사,청주예술의전당,구룡산 장승공원
충청북도 청주시 흥덕구,43113,"좋다,추천,다양하다,좋아하다,높다","무모하다,요란하다,싸우다,방정,너무하다",/static/images/43113.jpg,백제유물전시관,문암생태공원,청룡사
충청북도 청주시 청원구,43114,"좋다,다양하다,추천,즐기다,맛있다","어렵다,서럽다,싸우다,아쉽다,치욕",/static/images/43114.jpg,오창호수공원,초정행궁,오창 미래지 한옥마을
충청북도 충주시,43130,"좋다,추천,즐기다,다양하다,아름답다","비탄,악성,싸우다,지다,부족하다",/static/images/43130.jpg,활옥동굴,중앙탑공원,무학시장
충청북도 제천시,43150,"좋다,아름답다,추천,즐기다,유명하다","박약,지다,밉다,힘들다,상한",/static/images/43150.jpg,청풍문화재단지,의림지,청풍호반케이블카
충청북도 보은군,43720,"좋다,아름답다,즐기다,추천,유명하다","부러지다,애석하다,현기증,아깝다,어렵다",/static/images/43720.jpg,법주사,삼년산성,속리산 숲체험휴양마을
충청북도 옥천군,43730,"좋다,아름답다,추천,즐기다,다양하다","쑥스럽다,잃다,괴롭히다,망치다,어지럽다",/static/images/43730.jpg,수생식물학습원,장령산 자연휴양림,대청호
충청북도 영동군,43740,"좋다,아름답다,다양하다,즐기다,유명하다","악성,유치하다,소외,피해,슬프다",/static/images/43740.jpg,송호관광지,국악체험촌,물한계곡
충청북도 증평군,43745,"좋다,즐기다,다양하다,추천,아름답다","소외,투덜거리다,들끓다,난폭하다,무모하다",/static/images/43745.jpg,좌구산천문대,증평민속체험박물관,보강천미루나무숲
충청북도 진천군,43750,"좋다,아름답다,추천,다양하다,즐기다","영정,오래되다,밉다,불합리,나무라다",/static/images/43750.jpg,진천농다리,초평저수지,진천공예마을
충청북도 괴산군,43760,"좋다,아름답다,다양하다,즐기다,추천","지다,공포,모시,울다,파괴",/static/images/43760.jpg,산막이옛길,문광저수지,선유구곡
충청북도 음성군,43770,"좋다,다양하다,아름답다,즐기다,추천","소외,희박하다,밉다,싱겁다,방정",/static/images/43770.jpg,철박물관,음성동요마을,미타사
충청북도 단양군,43800,"좋다,아름답다,유명하다,추천,다양하다","박약,부끄럽다,어렵다,조심하다,지나치다",/static/images/43800.jpg,고수동굴,온달관광지,만천하스카이워크
충청남도 천안시 동남구,44131,"좋다,추천,맛있다,다양하다,좋아하다","짠하다,시기하다,희미하다,쓸모없다,비추천",/static/images/44131.jpg,독립기념관,중앙시장,각원사
충청남도 천안시 서북구,44133,"좋다,추천,맛있다,다양하다,좋아하다","막막하다,부작용,두려움,분하다,시비",/static/images/44133.jpg,성성호수공원,천안가족캠핑장,불당동 유적공원
충청남도 공주시,44150,"좋다,추천,아름답다,다양하다,즐기다","시들다,지다,불만족,어수선하다,제멋대로",/static/images/44150.jpg,계롱산 국립공원,공산성,무령왕릉
충청남도 보령시,44180,"좋다,추천,즐기다,다양하다,맛있다","부상,지다,게으르다,느끼하다,속상하다",/static/images/44180.jpg,상화원,천북굴단지,대천해수욕장
충청남도 아산시,44200,"좋다,추천,다양하다,즐기다,예쁘다","부자연스럽다,지다,움츠리다,불신,위축",/static/images/44200.jpg,외암마을,환경과학공원,현충사
충청남도 서산시,44210,"좋다,추천,아름답다,유명하다,예쁘다","지다,밉다,아쉽다,게을러터지다,잘못",/static/images/44210.jpg,문수사,해미읍성,천수만(철새도래지)
충청남도 논산시,44230,"좋다,추천,아름답다,유명하다,다양하다","비추천,지다,밉다,부서지다,잃다",/static/images/44230.jpg,탑정호,강경젓갈시장,돈암서원
충청남도 계룡시,44250,"좋다,다양하다,추천,즐기다,아름답다","당하다,걱정,지다,버리다,겁나다",/static/images/44250.jpg,사계고택,무상사,천마산
충청남도 당진시,44270,"좋다,추천,다양하다,아름답다,유명하다","지다,반역,질색,안쓰럽다,부러지다",/static/images/44270.jpg,아미미술관,삽교호관광지,장고항
충청남도 금산군,44710,"좋다,아름답다,즐기다,추천,유명하다","지다,싸우다,훼손,자빠지다,모시",/static/images/44710.jpg,적벽강,금산산림문화타운,보석사
충청남도 부여군,44760,"좋다,추천,아름답다,다양하다,사랑","어지르다,욕심,비추천,몹쓸,허전하다",/static/images/44760.jpg,낙화암,백제문화단지,부여 나성
충청남도 서천군,44770,"좋다,다양하다,추천,아름답다,유명하다","모시,복잡하다,발칙하다,지다,시들다",/static/images/44770.jpg,국립생태원,장항 스카이워크,홍원항
충청남도 청양군,44790,"좋다,즐기다,추천,다양하다,유명하다","비추천,고집,지다,거만하다,무례하다",/static/images/44790.jpg,알프스마을,세계조롱박축제,칠갑산
충청남도 홍성군,44800,"좋다,추천,즐기다,다양하다,아름답다","영정,악의,불만족,버리다,시비",/static/images/44800.jpg,죽도,용봉산,거북이마을
충청남도 예산군,44810,"좋다,추천,즐기다,다양하다,아름답다","지다,먼지,다그치다,흘리다,깜놀",/static/images/44810.jpg,수덕사,내포보부상촌,예산상설시장
충청남도 태안군,44825,"좋다,추천,아름답다,다양하다,즐기다","부상,복잡하다,힘없다,노예,지다",/static/images/44825.jpg,미로공원,태안해안국립공원,안면도자연휴양림
전라북도 전주시 완산구,45111,"좋다,추천,다양하다,맛있다,즐기다","갑갑하다,괴롭다,서럽다,폭력,폭행",/static/images/45111.jpg,전주 한옥마을,경기전,남부시장
전라북도 전주시 덕진구,45113,"좋다,추천,다양하다,맛있다,좋아하다","성가시다,잘못,갑갑하다,괴롭다,고통스럽다",/static/images/45113.jpg,덕진공원,전주동물원,아중호수
전라북도 군산시,45130,"좋다,추천,유명하다,즐기다,다양하다","불쾌하다,위험하다,지다,속이다,흘리다",/static/images/45130.jpg,경암동 철길마을,선유도해수욕장,군산근대역사박물관
전라북도 익산시,45140,"좋다,다양하다,추천,즐기다,좋아하다","떨어지다,끔찍하다,어수선하다,비참하다,망하다",/static/images/45140.jpg,미륵사지,성당포구마을,왕궁보석테마관광지
전라북도 정읍시,45180,"좋다,아름답다,유명하다,다양하다,추천","손해,게으르다,망하다,악의,빼앗다",/static/images/45180.jpg,내장산,무성서원,구절초 지방정원
전라북도 남원시,45190,"좋다,추천,아름답다,다양하다,즐기다","쓸쓸하다,파괴,쓰라리다,모질다,패배",/static/images/45190.jpg,광한루원,뱀사골계곡,남원 관광단지
전라북도 김제시,45210,"좋다,유명하다,다양하다,추천,즐기다","망하다,무너지다,아픔,오래되다,지다",/static/images/45210.jpg,금산사,새만금 광역탐방로,금평저수지
전라북도 완주군,45710,"좋다,추천,다양하다,즐기다,아름답다","속상하다,어색하다,쓰리다,수선,무겁다",/static/images/45710.jpg,고산자연휴양림,술테마박물관,대둔산 케이블카
전라북도 진안군,45720,"좋다,아름답다,유명하다,추천,즐기다","악의,짜증,늦어지다,늦다,시비",/static/images/45720.jpg,주천생태공원,진안 원촌마을,마이산 도립공원
전라북도 무주군,45730,"좋다,즐기다,아름답다,추천,다양하다","얼얼하다,없어지다,지다,멘붕,악의",/static/images/45730.jpg,무주구천동계곡,적상전망대,향적봉
전라북도 장수군,45740,"좋다,다양하다,아름답다,즐기다,추천","모시,시비,무례하다,성가시다,지다",/static/images/45740.jpg,장수누리파크,논개생가마을,방화동가족후가촌
전라북도 임실군,45750,"좋다,추천,아름답다,다양하다,즐기다","노려보다,슬프다,아쉽다,손해,해롭다",/static/images/45750.jpg,임실치즈테마파크,옥정호출렁다리,요산공원
전라북도 순창군,45770,"좋다,아름답다,즐기다,다양하다,추천","위축,악의,모자라다,불편하다,죄송하다",/static/images/45770.jpg,강천사,구장군폭포,강천산 군립공원
전라북도 고창군,45790,"좋다,아름답다,유명하다,다양하다,추천","부족,설움,아쉬움,한숨,다투다",/static/images/45790.jpg,석정온천관광지,상하농원,고창고인돌유적
전라북도 부안군,45800,"좋다,추천,아름답다,유명하다,즐기다","약하다,쓰라리다,슬프다,막막하다,망하다",/static/images/45800.jpg,채석강,변산해수욕장,변산반도극립공원
전라남도 목포시,46110,"좋다,추천,다양하다,맛있다,유명하다","어리석음,흘리다,한탄,낭패,짠하다",/static/images/46110.jpg,목포자연사박물관,목포 갓바위,목포 해상케이블카
전라남도 여수시,46130,"좋다,추천,아름답다,맛있다,다양하다","겁나다,헛소리,지긋지긋하다,징그럽다,깨뜨리다",/static/images/46130.jpg,돌산공원,이순신광장,오동도
전라남도 순천시,46150,"좋다,아름답다,추천,다양하다,유명하다","탁하다,서운하다,한숨,몰래,어색하다",/static/images/46150.jpg,선암사,순천만습지,낙안온천
전라남도 나주시,46170,"좋다,추천,즐기다,다양하다,아름답다","헤매다,불안하다,의심,어렵다,떨어지다",/static/images/46170.jpg,국립나주박물관,불회사,나주 배마을
전라남도 광양시,46230,"좋다,추천,다양하다,아름답다,유명하다","소홀하다,공허하다,무시무시하다,거슬리다,맛없다",/static/images/46230.jpg,광양매화축제,매화마을,옥룡사지
전라남도 담양군,46710,"좋다,추천,유명하다,아름답다,맛있다","멘붕,멍청하다,화나다,거짓말,버리다",/static/images/46710.jpg,죽녹원,담양온천,메타세콰이어길
전라남도 곡성군,46720,"좋다,다양하다,추천,즐기다,아름답다","음침하다,소름,시달리다,망설이다,쓸쓸하다",/static/images/46720.jpg,섬진강 기차마을,세계장미축제,도림사
전라남도 구례군,46730,"좋다,아름답다,추천,유명하다,즐기다","컴컴하다,노려보다,나무라다,어둡다,쓸쓸하다",/static/images/46730.jpg,지리산국립공원,구례산수유꽃축제,쌍산재
전라남도 고흥군,46770,"좋다,추천,아름답다,다양하다,유명하다","유치하다,괴롭다,비난,반란,나무라다",/static/images/46770.jpg,쌍충사,녹동항 인공섬,나로우주과학관
전라남도 보성군,46780,"좋다,추천,다양하다,즐기다,아름답다","반란,흐리다,모호하다,모순,주춤",/static/images/46780.jpg,대한다원,보상녹차밭,벌교시장
전라남도 화순군,46790,"좋다,추천,즐기다,아름답다,맛있다","지다,거짓말,싫증,짜지다,막연하다",/static/images/46790.jpg,세량제,도곡온천단지,동구리호수공원
전라남도 장흥군,46800,"좋다,다양하다,즐기다,추천,아름답다","느릿느릿,흥청,노름,질투,방정",/static/images/46800.jpg,편백숲 우드랜드,수문해수욕장,소등섬
전라남도 강진군,46810,"좋다,추천,즐기다,아름답다,다양하다","유치하다,아쉬움,너무하다,편견,지다",/static/images/46810.jpg,마량항,다산초당,백련사
전라남도 해남군,46820,"좋다,추천,다양하다,아름답다,유명하다","무리하다,울부짖다,촌스럽다,노예,어둑하다",/static/images/46820.jpg,대흥사,우수영국민관광지,땅끝관광지
전라남도 영암군,46830,"좋다,즐기다,다양하다,아름답다,추천","인색하다,떨어지다,지다,나쁘다,실망하다",/static/images/46830.jpg,도갑사,왕인박사유적지,용당부두
전라남도 무안군,46840,"좋다,추천,즐기다,다양하다,아름답다","못난이,편견,성나다,부족하다,인색하다",/static/images/46840.jpg,회산백련지,톱머리해변,밀리터리테마파크
전라남도 함평군,46860,"좋다,추천,다양하다,즐기다,유명하다","찡하다,억압,잔인하다,불쌍하다,거짓",/static/images/46860.jpg,함평자연생태공원,나비축제,함평엑스포공원
전라남도 영광군,46870,"영광,좋다,추천,아름답다,즐기다","오류,급하다,무섭다,울다,아쉽다",/static/images/46870.jpg,모래미 해변,칠산타워,숲쟁이공원
전라남도 장성군,46880,"좋다,추천,아름답다,다양하다,유명하다","그릇되다,설움,악의,훔치다,몰래",/static/images/46880.jpg,백양사,국립장성치유의숲,황룡강 생태공원
전라남도 완도군,46890,"좋다,아름답다,추천,다양하다,즐기다","울다,슬프다,오류,부족하다,어렵다",/static/images/46890.jpg,보길도,청산도,청해진 유적
전라남도 진도군,46900,"좋다,추천,아름답다,유명하다,다양하다","부족하다,짠하다,두통,떠들다,한숨",/static/images/46900.jpg,명량해상케이블카,울돌목,진도개테마파크
전라남도 신안군,46910,"좋다,아름답다,추천,다양하다,즐기다","속상하다,어색하다,쓰리다,수선,무겁다",/static/images/46910.jpg,천사섬 분재공원,태도,가거도
경상북도 포항시 남구,47111,"좋다,추천,다양하다,즐기다,유명하다","얼얼하다,짜증나다,오류,까다롭다,느끼하다",/static/images/47111.jpg,구룡포항,호미곶 등대,호미곶 해안단구
경상북도 포항시 북구,47113,"좋다,추천,다양하다,즐기다,맛있다","지다,잘못,짜증나다,피로,밉다",/static/images/47113.jpg,죽도시장,보경사,환호공원
경상북도 경주시,47130,"좋다,추천,유명하다,아름답다,다양하다","오그라들다,삐지다,덥다,망신,방정",/static/images/47130.jpg,동궁과 월지,핑크뮬리,경주역사유적지구
경상북도 김천시,47150,"좋다,아름답다,추천,즐기다,유명하다","피로,게으르다,안달,지다,야속하다",/static/images/47150.jpg,인현왕후길,김천치유의숲,직지사
경상북도 안동시,47170,"좋다,추천,아름답다,유명하다,다양하다","억척스럽다,지다,한숨,망신,근심",/static/images/47170.jpg,하회마을,도산서원,월영교
경상북도 구미시,47190,"좋다,추천,즐기다,아름답다,다양하다","나쁘다,칙칙하다,영정,일부러,부심",/static/images/47190.jpg,금오산 도릅공원,낙동강,동락공원
경상북도 영주시,47210,"좋다,추천,아름답다,유명하다,다양하다","피로,지다,비련,없어지다,어지럽다",/static/images/47210.jpg,부석사,소수서원,영주선비촌
경상북도 영천시,47230,"좋다,아름답다,추천,즐기다,다양하다","지다,소외,루머,귀차니즘,피로",/static/images/47230.jpg,화랑설화마을,영천 별빛마을,우로지 자연생태공원
경상북도 상주시,47250,"좋다,추천,아름답다,다양하다,즐기다","피로,아리송하다,고달프다,스트레스,잃다",/static/images/47250.jpg,경천섬,상주 자전거박물관,장각폭포
경상북도 문경시,47280,"좋다,다양하다,즐기다,추천,아름답다","지다,안타깝다,피로,밉다,그른",/static/images/47280.jpg,문경에코월드,문경새재도립공원,문경새재오픈세트장
경상북도 경산시,47290,"좋다,즐기다,추천,다양하다,유명하다","피로,착잡하다,느리다,부서지다,늦다",/static/images/47290.jpg,갓바위,반곡지,자인계정숲
경상북도 의성군,47730,"좋다,다양하다,아름답다,추천,즐기다","어처구니없다,시샘,미루다,피로,착잡하다",/static/images/47730.jpg,탑산온천,의성 펫월드,조문국사적지
경상북도 청송군,47750,"좋다,유명하다,아름답다,추천,즐기다","지다,반란,아쉽다,급하다,오래되다",/static/images/47750.jpg,주산지,주왕산국립공원,청송솔기온천
경상북도 영양군,47760,"좋다,아름답다,즐기다,추천,다양하다","반란,오염,헛되이,망실,심하다",/static/images/47760.jpg,영양자작나무숲,반디불이 천문대,일월산
경상북도 영덕군,47770,"좋다,즐기다,추천,아름답다,다양하다","피로,급하다,지다,스트레스,씁쓸하다",/static/images/47770.jpg,강구항,장사해수욕장,영덕해맞이공원
경상북도 청도군,47820,"좋다,추천,다양하다,즐기다,맛있다","걱정,싸움,자책,불길하다,피로",/static/images/47820.jpg,운문사,청도 석빙고,소싸경기장
경상북도 고령군,47830,"좋다,즐기다,다양하다,아름답다,추천","악성,피로,악의,야속하다,유감",/static/images/47830.jpg,개실마을,다산 문화공원,대가야 역사테마관광지
경상북도 성주군,47840,"좋다,다양하다,아름답다,추천,즐기다","늦다,오그라들다,몹쓸,어려움,피로",/static/images/47840.jpg,성밖숲,포천계곡,회연서원
경상북도 칠곡군,47850,"좋다,추천,다양하다,즐기다,아름답다","번거롭다,피로,위기,오래되다,밉다",/static/images/47850.jpg,송정 자연휴양림,칠곡보 생태공원,대둔사
경상북도 예천군,47900,"좋다,추천,아름답다,즐기다,다양하다","지다,싸우다,떨어지다,안타깝다,가소롭다",/static/images/47900.jpg,예천온천,회룡포,초간정
경상북도 봉화군,47920,"좋다,아름답다,추천,즐기다,다양하다","지다,애쓰다,억지스럽다,까비,오염",/static/images/47920.jpg,봉화은어축제,청량사,국립백두대간수목원
경상북도 울진군,47930,"좋다,아름답다,즐기다,추천,다양하다","맛없다,태우다,거북하다,미루다,덥다",/static/images/47930.jpg,엑스포공원,덕구온천,등기산스카이워크
경상북도 울릉군,47940,"좋다,아름답다,추천,다양하다,멋지다","어수선하다,노여움,거슬리다,버리다,몰래",/static/images/47940.jpg,봉래폭포,독도,나리분지
경상남도 창원시 의창구,48121,"좋다,추천,즐기다,다양하다,높다","틀리다,이상하다,아찔하다,꺼리다,유치하다",/static/images/48121.jpg,주남저수지,마금산원탕,용지호수공원
경상남도 창원시 성산구,48123,"좋다,추천,다양하다,맛있다,즐기다","잃어버리다,헛된,탁하다,잔소리,삭막하다",/static/images/48123.jpg,창원 장미공원,창원 수목원,창원컨벤션센터
경상남도 창원시 마산합포구,48125,"좋다,추천,맛있다,즐기다,다양하다","이상하다,늦다,싫어하다,지다,틀리다",/static/images/48125.jpg,마산어시장,마산 로봇랜드,강광암해수욕장
경상남도 창원시 마산회원구,48127,"좋다,다양하다,추천,맛있다,즐기다","비싸다,통증,광탈,불운,오래되다",/static/images/48127.jpg,구암현대시장,창원NC파크,봉암수원지
경상남도 창원시 진해구,48129,"좋다,추천,즐기다,아름답다,다양하다","허무하다,흉측하다,한심하다,힘없다,틀어지다",/static/images/48129.jpg,용원어시장,진해루,여좌천
경상남도 진주시,48170,"좋다,다양하다,추천,아름답다,즐기다","추하다,번거롭다,짧다,곤란하다,부담스럽다",/static/images/48170.jpg,진주성,촉석루,진양호 공원
경상남도 통영시,48220,"좋다,아름답다,추천,즐기다,다양하다","욕심,보채다,망치다,지다,나쁘다",/static/images/48220.jpg,통영 케이블카,사량도,욕지도
경상남도 사천시,48240,"좋다,아름답다,추천,즐기다,다양하다","제멋대로,귀차니즘,망치다,싱겁다,짜지다",/static/images/48240.jpg,사천바다 케이블카,신수도,아라마루 아쿠아리움
경상남도 김해시,48250,"좋다,다양하다,추천,즐기다,맛있다","괘씸하다,역정,흐려지다,놀리다,아슬아슬하다",/static/images/48250.jpg,김해가야 테마파크,롯데워터파크,낙동강 레일파크
경상남도 밀양시,48270,"좋다,아름답다,추천,다양하다,즐기다","영정,아쉽다,곤욕,원대하다,딱하다",/static/images/48270.jpg,얼음골 케이블카,표충사,위양지
경상남도 거제시,48310,"좋다,추천,즐기다,다양하다,아름답다","노여움,무모하다,패배,헛된,무서움",/static/images/48310.jpg,거제식물원,외도,거제 관광모노레일
경상남도 양산시,48330,"좋다,추천,즐기다,다양하다,아름답다","번거롭다,유치하다,곤란하다,부담스럽다,성내다",/static/images/48330.jpg,통도사,한국궁중꽃박물관,양산 영화공장
경상남도 의령군,48720,"좋다,아름답다,유명하다,다양하다,추천","오염,까마득하다,불신,불만족,부담",/static/images/48720.jpg,일붕사,한우산,봉황대
경상남도 함안군,48730,"좋다,아름답다,추천,즐기다,다양하다","성내다,움츠리다,부족하다,비싸다,번거롭다",/static/images/48730.jpg,악양생태공원,무진정,강주 해바라기마을
경상남도 창녕군,48740,"좋다,아름답다,다양하다,즐기다,추천","놓치다,부담스럽다,버겁다,불만족,망설이다",/static/images/48740.jpg,우포늪,부곡온천,연지못
경상남도 고성군,48820,"좋다,추천,아름답다,즐기다,다양하다","지다,섬뜩하다,억세다,일류,급하다",/static/images/48820.jpg,당항포,공룡박물관,그레이스 정원
경상남도 남해군,48840,"좋다,아름답다,추천,유명하다,즐기다","밋밋하다,사치,차마,서운하다,희미하다",/static/images/48840.jpg,파독 전시관,독일마을,상주은모래비치
경상남도 하동군,48850,"좋다,추천,아름답다,유명하다,즐기다","시달리다,반란,죄송하다,속상하다,아쉽다",/static/images/48850.jpg,화개장터,쌍계사,최참판댁
경상남도 산청군,48860,"좋다,아름답다,추천,즐기다,다양하다","처참하다,비극,성내다,부자연스럽다,애처롭다",/static/images/48860.jpg,수선사,동의보감촌,생초국제조각공원
경상남도 함양군,48870,"좋다,아름답다,다양하다,즐기다,유명하다","희미하다,처참하다,지다,급하다,힘들다",/static/images/48870.jpg,개평한옥마을,서암정자,지안재
경상남도 거창군,48880,"좋다,아름답다,다양하다,즐기다,추천","불신,협박,낭비,불쾌하다,의혹",/static/images/48880.jpg,거창 창포원,우두산 출렁다리,항노화 힐링랜드
경상남도 합천군,48890,"좋다,추천,다양하다,아름답다,즐기다","쓸쓸하다,언짢다,멘붕,불신,협박",/static/images/48890.jpg,해인사,대장경 테마파크,합천영상테마파크
제주특별자치도 제주시,50110,"좋다,추천,즐기다,예쁘다,유명하다","격분,험하다,싫어하다,분하다,불만족",/static/images/50110.jpg,비자림,만장굴 관광지,우도
제주특별자치도 서귀포시,50130,"좋다,추천,아름답다,다양하다,즐기다","험하다,격분,어수선하다,밉다,불만족",/static/images/50130.jpg,천지연폭포,섭지코지,성산일출봉
전라북도 전주시,45110,"좋다,추천,다양하다,맛있다,즐기다","갑갑하다, 성가시다, 고통스럽다, 잘못, 서럽다",/static/images/45110.jpg,전주 한옥마을,경기전,남부시장
경상북도 포항시,47110,"좋다,추천,다양하다,즐기다,유명하다","짜증나다, 잘못, 오류, 까다롭다, 피로",/static/images/47110.jpg,구룡포항,호미곶 등대,호미곶 해안단구
경기도 수원시,41110,"좋다,다양하다,추천,즐기다,좋아하다","어수선하다, 홀로, 우중충하다, 어둑하다, 늦어지다",/static/images/41110.jpg,용화사,국립농업박물관,수원월드컵경기장
경상남도 창원시,48120,"좋다,추천,다양하다,맛있다,즐기다","이상하다, 유치하다, 삭막하다, 헛된, 아찔하다",/static/images/48120.jpg,창원 장미공원,창원 수목원,용지호수공원
경기도 안양시,41170,"좋다,다양하다,추천,맛있다,즐기다","망하다, 위험하다, 심술, 시들하다, 틀리다",/static/images/41170.jpg,안양예술공원,안양중앙시장,자유공원
충청북도 청주시,43110,"좋다,추천,다양하다,좋아하다,높다","어렵다, 싸우다, 아쉽다, 너무하다, 요란하다",/static/images/43110.jpg,백제유물전시관,문암생태공원,청룡사
충청남도 천안시,44130,"좋다,추천,맛있다,다양하다,좋아하다","막막하다, 두려움, 비추천, 쓸모없다, 시비",/static/images/44130.jpg,성성호수공원,천안가족캠핑장,불당동 유적공원
경기도 성남시,41130,"좋다,추천,맛있다,다양하다,즐기다","분통, 비싸다, 스트레스, 뒤틀리다, 버리다",/static/images/41130.jpg,율동공원,효자촌 먹거리촌,정자동 카페거리
경기도 안산시,41270,"좋다,다양하다,즐기다,추천,맛있다","싫다, 아쉬움, 조마조마하다, 남루하다, 이상하다",/static/images/41270.jpg,안산식물원,안산호수공원,유리섬박물관
경기도 고양시,41280,"좋다,다양하다,맛있다,좋아하다,추천","걱정, 비싸다, 무서움, 초라하다, 까다롭다",/static/images/41280.jpg,일산호수공원,선인장전시관,스타필드고양
경기도 용인시,41460,"좋다,추천,다양하다,맛있다,즐기다","시시하다, 지저분하다, 서럽다, 비판, 서운하다",/static/images/41460.jpg,에버랜드,청계목장,백남준아트센터